# Which photograph stands for which food, and where it came from.
#
# Written by tool/fetch_food_media.mjs, consumed by tool/sync_food_media.sh. Checked in so the
# catalogue looks the same for everyone and so provenance is reviewable without running
# anything — every row is a cc0 or public-domain-mark image from Openverse.
#
# Editing a row by hand is fine and is how a bad automatic pick gets fixed; the fetcher leaves
# existing rows alone unless run with --force.
#
# id	food	licence	creator	image url	source page
f0001	Anchovy	by-sa-2.0	avlxyz	https://live.staticflickr.com/1344/5122585637_333643cf85_b.jpg	https://www.flickr.com/photos/10559879@N00/5122585637
f0002	Bacon	by-sa-2.0	kjetil_r	https://live.staticflickr.com/6142/5930403567_99a845a0b9_b.jpg	https://www.flickr.com/photos/63564816@N00/5930403567
f0003	Beef brisket	by-2.0	cookbookman17	https://live.staticflickr.com/7043/6881392197_5ac31b7356_b.jpg	https://www.flickr.com/photos/58545726@N02/6881392197
f0004	Beef chuck	by-sa-4.0	Peter P. Othagoer	https://upload.wikimedia.org/wikipedia/commons/2/26/Cutting_Beef_Chuck.jpg	https://commons.wikimedia.org/w/index.php?curid=76975001
f0005	Beef liver	by-sa-4.0	MaiDenzel	https://upload.wikimedia.org/wikipedia/commons/e/e4/Beef_liver.jpg	https://commons.wikimedia.org/w/index.php?curid=164867717
f0006	Beef ribeye	by-sa-4.0	Ceeseven	https://upload.wikimedia.org/wikipedia/commons/9/9a/Beef_Ribeye_Steak_%26_Shrimps_with_Potato_Fries.jpg	https://commons.wikimedia.org/w/index.php?curid=158198802
f0007	Beef sirloin	cc0-1.0		https://images.rawpixel.com/editor_1024/czNmcy1wcml2YXRlL3Jhd3BpeGVsX2ltYWdlcy93ZWJzaXRlX2NvbnRlbnQvbHIvcGQzNS0wMzA0My5qcGc.jpg	https://www.rawpixel.com/image/428190/free-illustration-image-meat-food-cattle
f0008	Beef tenderloin	by-sa-3.0	Rangermike at en.wikipedia	https://upload.wikimedia.org/wikipedia/commons/1/12/Beef_tenderloin.jpg	https://commons.wikimedia.org/w/index.php?curid=14823845
f0009	Black beans	by-2.0	cookbookman17	https://live.staticflickr.com/5221/5684475740_8ea70b4c89.jpg	https://www.flickr.com/photos/58545726@N02/5684475740
f0010	Chicken breast	by-sa-2.0	John Herschell	https://upload.wikimedia.org/wikipedia/commons/d/db/Pan_Roasted_Chicken_Breasts%2C_Garlic_Mashed_Potatoes%2C_Fiddlehead_Ferns_and_Sauce_Supreme.jpg	https://commons.wikimedia.org/w/index.php?curid=6808770
f0011	Chicken breast, roasted	by-sa-2.0	John Herschell	https://upload.wikimedia.org/wikipedia/commons/d/db/Pan_Roasted_Chicken_Breasts%2C_Garlic_Mashed_Potatoes%2C_Fiddlehead_Ferns_and_Sauce_Supreme.jpg	https://commons.wikimedia.org/w/index.php?curid=6808770
f0012	Chicken drumstick	by-sa-2.0	drewgstephens	https://live.staticflickr.com/2851/11892846364_49713e940f_b.jpg	https://www.flickr.com/photos/22809317@N04/11892846364
f0013	Chicken thigh	by-3.0	Schellack	https://upload.wikimedia.org/wikipedia/commons/a/a8/Yakitori_-_Chicken_thigh_and_negi.jpg	https://commons.wikimedia.org/w/index.php?curid=60919781
f0014	Chicken wing	by-sa-2.0	stu_spivack	https://live.staticflickr.com/3935/15484757375_66a073b92c_b.jpg	https://www.flickr.com/photos/35034346243@N01/15484757375
f0015	Chickpeas	by-sa-2.0	Navin75	https://live.staticflickr.com/3024/2671962673_e78995d1b7_b.jpg	https://www.flickr.com/photos/23597588@N00/2671962673
f0016	Clams	by-sa-2.0	inuyaki.com	https://upload.wikimedia.org/wikipedia/commons/d/d7/New_England_clam_bake.jpg	https://commons.wikimedia.org/w/index.php?curid=7341831
f0017	Cod	by-sa-2.5	Hans-Petter Fjeld	https://upload.wikimedia.org/wikipedia/commons/c/cf/Gadus_morhua-Cod-2-Atlanterhavsparken-Norway.JPG	https://commons.wikimedia.org/w/index.php?curid=1012320
f0018	Crab	by-2.0	Yogendra174	https://live.staticflickr.com/5025/5618055957_aae16b2225_b.jpg	https://www.flickr.com/photos/39072595@N03/5618055957
f0019	Duck breast	by-sa-3.0	No machine-readable author provided. Chensiyuan assumed (based on copyright claims).	https://upload.wikimedia.org/wikipedia/commons/8/80/Duck_breast_meat_french.JPG	https://commons.wikimedia.org/w/index.php?curid=1874890
f0020	Edamame	by-2.0	Kanko*	https://upload.wikimedia.org/wikipedia/commons/1/12/Edamame_-_boild_green_soybeans.jpg	https://commons.wikimedia.org/w/index.php?curid=1205925
f0021	Flank steak	by-sa-3.0	unknown	https://upload.wikimedia.org/wikipedia/commons/c/c9/Flank_steak.jpg	https://commons.wikimedia.org/w/index.php?curid=851327
f0022	Ground beef	by-2.0	AAB_BAA	https://live.staticflickr.com/3932/15440562729_7eec8e02bc_b.jpg	https://www.flickr.com/photos/94540264@N06/15440562729
f0023	Ground beef, lean	by-2.0	AAB_BAA	https://live.staticflickr.com/3932/15440562729_7eec8e02bc_b.jpg	https://www.flickr.com/photos/94540264@N06/15440562729
f0024	Ground chicken	by-sa-4.0	Kentin	https://upload.wikimedia.org/wikipedia/commons/e/e5/Nimono_of_winter_melon_and_ground_chicken_2014.jpg	https://commons.wikimedia.org/w/index.php?curid=34026586
f0025	Ground pork	by-sa-4.0	NeoBatfreak	https://upload.wikimedia.org/wikipedia/commons/1/1d/Stir-fried_spinach_and_ground_pork%281%29.jpg	https://commons.wikimedia.org/w/index.php?curid=78247489
f0026	Ground turkey	by-2.0	Michael Coté from Austin, Texas, Texas	https://upload.wikimedia.org/wikipedia/commons/c/c4/Ground_turkey_%284515834437%29.jpg	https://commons.wikimedia.org/w/index.php?curid=38342783
f0027	Haddock	by-sa-3.0	Murcotipton	https://upload.wikimedia.org/wikipedia/commons/1/11/10th_May_2012_Smoked_Haddock.jpg	https://commons.wikimedia.org/w/index.php?curid=22245367
f0028	Halibut	by-3.0	gran	https://upload.wikimedia.org/wikipedia/commons/4/40/Halibut_and_salmon_fillets.jpg	https://commons.wikimedia.org/w/index.php?curid=15449673
f0029	Ham	by-sa-2.0	derobert	https://live.staticflickr.com/4128/5064683249_467e61e5a1_b.jpg	https://www.flickr.com/photos/60044868@N00/5064683249
f0030	Hummus	by-2.0	jules:stonesoup	https://live.staticflickr.com/4140/4911982629_71a5604013_b.jpg	https://www.flickr.com/photos/58367355@N00/4911982629
f0031	Kidney beans	by-sa-3.0	Sanjay Acharya	https://upload.wikimedia.org/wikipedia/commons/8/8b/Kidney_beans.jpg	https://commons.wikimedia.org/w/index.php?curid=1744965
f0032	Lamb chop	by-sa-2.0	ysksmz	https://live.staticflickr.com/5610/15386096818_5220a48d02_b.jpg	https://www.flickr.com/photos/124697177@N05/15386096818
f0033	Lamb, ground	by-2.0	GrahamPics1	https://live.staticflickr.com/5450/7056591191_ca5d6f5d9c_b.jpg	https://www.flickr.com/photos/76526364@N06/7056591191
f0034	Lentils	by-2.0	WordRidden	https://live.staticflickr.com/6/69655578_2792ec56fa_b.jpg	https://www.flickr.com/photos/97844767@N00/69655578
f0035	Lobster	by-2.0	Kit4na	https://live.staticflickr.com/8216/8303686406_e1aa9887c7_b.jpg	https://www.flickr.com/photos/44843078@N03/8303686406
f0036	Mackerel	by-sa-3.0	Obli at English Wikipedia	https://upload.wikimedia.org/wikipedia/commons/2/22/Mackerel_tomato_sauce.jpg	https://commons.wikimedia.org/w/index.php?curid=2799516
f0037	Mussels	by-2.0	Steve Parker	https://live.staticflickr.com/29/42454856_4677fe894b_b.jpg	https://www.flickr.com/photos/56553246@N00/42454856
f0038	Navy beans	by-sa-4.0	B. Domangue	https://upload.wikimedia.org/wikipedia/commons/1/13/Navy_Bean_Seed_to_Seedling_Germination.jpg	https://commons.wikimedia.org/w/index.php?curid=99476965
f0039	Octopus	by-2.0	Elias Levy	https://live.staticflickr.com/3872/14280746648_9dd6dde3d6_b.jpg	https://www.flickr.com/photos/67374204@N00/14280746648
f0040	Oysters	by-2.0	julesjulesjules m	https://live.staticflickr.com/5283/5225311581_92afc20cac_b.jpg	https://www.flickr.com/photos/66419320@N00/5225311581
f0041	Pinto beans	by-2.0	Girl Interrupted Eating	https://live.staticflickr.com/6182/6146660744_4d760b7131_b.jpg	https://www.flickr.com/photos/35468144810@N01/6146660744
f0042	Pork chop	by-sa-2.0	Laurel Fan	https://live.staticflickr.com/27/51342619_643a3543b2_b.jpg	https://www.flickr.com/photos/18295242@N00/51342619
f0043	Pork loin	by-sa-3.0	ja:User:NEON / User:NEON_ja	https://upload.wikimedia.org/wikipedia/commons/e/ec/Pork_loin_ham_2.jpg	https://commons.wikimedia.org/w/index.php?curid=10403227
f0044	Pork tenderloin	by-sa-2.0	TheGirlsNY	https://live.staticflickr.com/4112/5002343239_d287b32e96_b.jpg	https://www.flickr.com/photos/55768440@N00/5002343239
f0045	Rabbit	by-2.0	KevinJump	https://live.staticflickr.com/2118/2425318471_2f36defac7_b.jpg	https://www.flickr.com/photos/84199233@N00/2425318471
f0046	Salmon, Atlantic	by-2.0	Maggiejumps	https://live.staticflickr.com/191/508008589_b74ac84eae_b.jpg	https://www.flickr.com/photos/38494596@N00/508008589
f0047	Salmon, wild	by-2.0	Maggiejumps	https://live.staticflickr.com/191/508008589_b74ac84eae_b.jpg	https://www.flickr.com/photos/38494596@N00/508008589
f0048	Sardines	by-2.0	Andrea_Nguyen	https://live.staticflickr.com/5309/5741616162_0f4487467b.jpg	https://www.flickr.com/photos/41993463@N08/5741616162
f0049	Scallops	by-2.0	In Memoriam: chrisbulle	https://live.staticflickr.com/173/382542961_3b6979984e_b.jpg	https://www.flickr.com/photos/67726656@N00/382542961
f0050	Sea bass	by-sa-3.0	No machine-readable author provided. Vineyard assumed (based on copyright claims).	https://upload.wikimedia.org/wikipedia/commons/7/79/Sea_Bass_%28side%29.jpg	https://commons.wikimedia.org/w/index.php?curid=1480643
f0051	Shrimp	by-2.0	Elias Levy	https://live.staticflickr.com/2912/14487441293_89471a45d2_b.jpg	https://www.flickr.com/photos/67374204@N00/14487441293
f0052	Soybeans	by-2.0	UnitedSoybeanBoard	https://live.staticflickr.com/2837/9624274400_614e1c249d_b.jpg	https://www.flickr.com/photos/95352257@N06/9624274400
f0053	Split peas	cc0-1.0	Mx. Granger	https://upload.wikimedia.org/wikipedia/commons/8/85/Pea_protein_milk_with_yellow_split_peas.jpg	https://commons.wikimedia.org/w/index.php?curid=92653051
f0054	Squid	by-sa-2.0	avlxyz	https://live.staticflickr.com/4/8755794_b4b2c5e76f_b.jpg	https://www.flickr.com/photos/10559879@N00/8755794
f0055	Swordfish	by-sa-3.0	User:Postdlf	https://upload.wikimedia.org/wikipedia/commons/6/6f/Swordfish_skeleton.jpg	https://commons.wikimedia.org/w/index.php?curid=1067477
f0056	Tempeh	by-sa-3.0	unknown	https://upload.wikimedia.org/wikipedia/commons/6/6b/Tempeh_uncooked.jpg	https://commons.wikimedia.org/w/index.php?curid=58076
f0057	Tilapia	by-sa-2.0	Alexandra Tyers	https://upload.wikimedia.org/wikipedia/commons/b/b8/Tilapia_sparrmanii.jpg	https://commons.wikimedia.org/w/index.php?curid=16953387
f0058	Tofu, firm	by-2.0	KFoodaddict	https://live.staticflickr.com/2882/9933979106_22ce4bfd44_b.jpg	https://www.flickr.com/photos/61056459@N05/9933979106
f0059	Trout	by-2.0	03Marine	https://live.staticflickr.com/8242/8470408081_6686e09f62_b.jpg	https://www.flickr.com/photos/13863233@N05/8470408081
f0060	Tuna, bluefin	pdm-1.0	motazabdelazeem صور من الوطن	https://live.staticflickr.com/1689/26092663633_13c03037b1_b.jpg	https://www.flickr.com/photos/91352576@N06/26092663633
f0061	Tuna, canned in water	pdm-1.0	motazabdelazeem صور من الوطن	https://live.staticflickr.com/1689/26092663633_13c03037b1_b.jpg	https://www.flickr.com/photos/91352576@N06/26092663633
f0062	Turkey breast	by-2.0	MrPollard	https://live.staticflickr.com/7087/7007288422_26bea585cc_b.jpg	https://www.flickr.com/photos/77895954@N06/7007288422
f0063	Veal	by-sa-2.0	Jeff Kubina	https://upload.wikimedia.org/wikipedia/commons/4/4a/Veal_meat%2C_2010.jpg	https://commons.wikimedia.org/w/index.php?curid=59137824
f0064	Venison	by-2.0	_ Kripptic	https://upload.wikimedia.org/wikipedia/commons/0/06/Venison_jerky.jpg	https://commons.wikimedia.org/w/index.php?curid=35564241
f0065	White beans	by-sa-3.0	Rasbak	https://upload.wikimedia.org/wikipedia/commons/9/93/Phaseolus_vulgaris_white_beans%2C_witte_boon.jpg	https://commons.wikimedia.org/w/index.php?curid=8046278
f0066	Brie	by-sa-3.0	Coyau	https://upload.wikimedia.org/wikipedia/commons/8/88/Brie_01.jpg	https://commons.wikimedia.org/w/index.php?curid=35669387
f0067	Cheddar	by-sa-2.0	ginnerobot	https://live.staticflickr.com/3564/3807874020_6422e4fe29_b.jpg	https://www.flickr.com/photos/78011127@N00/3807874020
f0068	Cottage cheese	by-sa-3.0	Shadle	https://upload.wikimedia.org/wikipedia/commons/8/82/Cottage_Cheese_homemade.jpg	https://commons.wikimedia.org/w/index.php?curid=4136997
f0069	Cream cheese	by-2.0	Chocolate-Dessert-Recipes.com	https://live.staticflickr.com/6210/6064853788_42b7cd7f5d_b.jpg	https://www.flickr.com/photos/66677611@N08/6064853788
f0070	Egg white	by-sa-3.0	Douglas P Perkins	https://upload.wikimedia.org/wikipedia/commons/d/d3/Bowl_of_egg_whites.jpg	https://commons.wikimedia.org/w/index.php?curid=17508786
f0071	Egg yolk	by-sa-3.0	unknown	https://upload.wikimedia.org/wikipedia/commons/b/bc/3_egg_yolks.jpg	https://commons.wikimedia.org/w/index.php?curid=215316
f0072	Egg, whole	by-sa-2.0	kjetil_r	https://live.staticflickr.com/6134/5930958714_c7923b027c_b.jpg	https://www.flickr.com/photos/63564816@N00/5930958714
f0073	Feta	by-sa-2.5	JJ Harrison (https://www.jjharrison.com.au/)	https://upload.wikimedia.org/wikipedia/commons/2/28/Feta_Cheese.jpg	https://commons.wikimedia.org/w/index.php?curid=5767814
f0074	Gouda	by-2.0	cherdt	https://live.staticflickr.com/3040/2971687043_f6b32c84b2_b.jpg	https://www.flickr.com/photos/63827659@N00/2971687043
f0075	Greek yogurt, plain	by-2.0	Mindy Hertzon	https://live.staticflickr.com/8321/8047141427_e0a0765a63_b.jpg	https://www.flickr.com/photos/47898188@N00/8047141427
f0076	Heavy cream	by-sa-3.0	Aleksey Pogrebnoj-Alexandroff	https://upload.wikimedia.org/wikipedia/commons/e/ec/Milk_heavy_cream_B.jpg	https://commons.wikimedia.org/w/index.php?curid=61886767
f0077	Kefir	by-sa-3.0	Leonid Dzhepko	https://upload.wikimedia.org/wikipedia/commons/5/52/Kefir-okroshka.jpg	https://commons.wikimedia.org/w/index.php?curid=2343377
f0078	Milk, 2%	by-sa-2.0	stu_spivack	https://live.staticflickr.com/5/10439635_71e3b0840c_b.jpg	https://www.flickr.com/photos/35034346243@N01/10439635
f0079	Milk, skim	by-sa-2.0	stu_spivack	https://live.staticflickr.com/5/10439635_71e3b0840c_b.jpg	https://www.flickr.com/photos/35034346243@N01/10439635
f0080	Milk, whole	by-sa-2.0	stu_spivack	https://live.staticflickr.com/5/10439635_71e3b0840c_b.jpg	https://www.flickr.com/photos/35034346243@N01/10439635
f0081	Mozzarella	by-sa-2.0	paPisc	https://live.staticflickr.com/2390/2439148656_a154b25741.jpg	https://www.flickr.com/photos/20912428@N04/2439148656
f0082	Parmesan	by-sa-2.0	Migle Seikyte	https://live.staticflickr.com/7248/7515840114_c163ccc29a_b.jpg	https://www.flickr.com/photos/69668444@N03/7515840114
f0083	Ricotta	by-sa-2.0	stu_spivack	https://live.staticflickr.com/2483/3630102713_b72a86a8a3_b.jpg	https://www.flickr.com/photos/35034346243@N01/3630102713
f0084	Sour cream	by-sa-2.5	me (w:User:pfctdayelise)	https://upload.wikimedia.org/wikipedia/commons/5/5d/Chocolate_Sour-Cream_Icing_on_cake.JPG	https://commons.wikimedia.org/w/index.php?curid=732282
f0085	Swiss cheese	by-2.0	Filter Forge	https://live.staticflickr.com/8541/8694650779_c232f461c2.jpg	https://www.flickr.com/photos/93421824@N06/8694650779
f0086	Yogurt, plain	by-sa-2.0	jess2284	https://live.staticflickr.com/94/274772850_cefedc95ab_b.jpg	https://www.flickr.com/photos/49744078@N00/274772850
f0087	Bagel	by-2.0	Nostepinne	https://live.staticflickr.com/4063/4439097618_d020ebcccd_b.jpg	https://www.flickr.com/photos/50303569@N00/4439097618
f0088	Barley	by-2.0	Johan Neven from Borgloon-Gotem, Belgium	https://upload.wikimedia.org/wikipedia/commons/e/ee/Barley_%2818889050150%29.jpg	https://commons.wikimedia.org/w/index.php?curid=78807315
f0089	Brown rice	by-sa-3.0	unknown	https://upload.wikimedia.org/wikipedia/commons/e/e7/Brown_rice.jpg	https://commons.wikimedia.org/w/index.php?curid=674165
f0090	Buckwheat	by-sa-4.0	V.Boldychev	https://upload.wikimedia.org/wikipedia/commons/3/3c/Boiled_buckwheat_groats.jpg	https://commons.wikimedia.org/w/index.php?curid=121627816
f0091	Bulgur	by-3.0	Marknesbitt	https://upload.wikimedia.org/wikipedia/commons/a/a1/Bulgur_turkey_nesbitt.jpg	https://commons.wikimedia.org/w/index.php?curid=5592451
f0092	Cassava	by-sa-2.0	CIAT International Center for Tropical Agriculture	https://live.staticflickr.com/2583/3945624614_d5878dd2b5_b.jpg	https://www.flickr.com/photos/38476503@N08/3945624614
f0093	Corn tortilla	by-sa-2.0	Vancouver Bites!	https://live.staticflickr.com/1279/4676102350_db72f8ff3d_b.jpg	https://www.flickr.com/photos/92945296@N00/4676102350
f0094	Cornmeal	by-3.0	Georgian Recipes at Georgia About ; colour processing by Off-shell	https://upload.wikimedia.org/wikipedia/commons/0/08/Elarji_-_cornmeal_and_sulguni_cheese.jpg	https://commons.wikimedia.org/w/index.php?curid=38152614
f0095	Couscous	by-sa-3.0	Rainer Zenz	https://upload.wikimedia.org/wikipedia/commons/a/a4/Couscous-1.jpg	https://commons.wikimedia.org/w/index.php?curid=688913
f0096	Egg noodles	by-sa-2.0	bryan...	https://upload.wikimedia.org/wikipedia/commons/a/a3/Taiwanese_Nabeyaki_egg_noodles_20181103.jpg	https://commons.wikimedia.org/w/index.php?curid=187592252
f0097	English muffin	by-2.0	jeffreyw	https://upload.wikimedia.org/wikipedia/commons/f/f7/Mmm...English_muffins_%285393409247%29.jpg	https://commons.wikimedia.org/w/index.php?curid=23101816
f0098	Flour tortilla	cc0-1.0	Ocdp	https://upload.wikimedia.org/wikipedia/commons/a/aa/Flour_Tortillas_001.jpg	https://commons.wikimedia.org/w/index.php?curid=158786739
f0099	Jasmine rice	by-sa-3.0	Takeaway	https://upload.wikimedia.org/wikipedia/commons/4/4b/Thai_jasmine_rice_uncooked.jpg	https://commons.wikimedia.org/w/index.php?curid=19885845
f0100	Millet	by-sa-3.0	Offlineinternet	https://upload.wikimedia.org/wikipedia/commons/2/28/Millet.jpg	https://commons.wikimedia.org/w/index.php?curid=5467428
f0101	Oatmeal	by-2.0	DeSegura89	https://live.staticflickr.com/8373/8483070607_a74ecc1521_b.jpg	https://www.flickr.com/photos/77568040@N08/8483070607
f0102	Oats	by-sa-2.0	wallygrom	https://live.staticflickr.com/3462/3795036589_5556372f50.jpg	https://www.flickr.com/photos/33037982@N04/3795036589
f0103	Pasta	by-2.0	Christian Cable	https://live.staticflickr.com/4089/4982450749_18aa8389a9_b.jpg	https://www.flickr.com/photos/67287915@N00/4982450749
f0104	Pita bread	by-2.0	jimmiehomeschoolmom	https://live.staticflickr.com/3539/3322046763_758efb740a.jpg	https://www.flickr.com/photos/94168846@N00/3322046763
f0105	Plantain	by-sa-3.0	Daegis	https://upload.wikimedia.org/wikipedia/commons/5/57/Plantains.jpg	https://commons.wikimedia.org/w/index.php?curid=5215401
f0106	Popcorn	by-2.0	Vegan Feast Catering	https://live.staticflickr.com/2742/4057737488_0aefb6a117_b.jpg	https://www.flickr.com/photos/25128194@N02/4057737488
f0107	Potato	by-2.0	OiMax	https://live.staticflickr.com/136/340933520_6a76d5405f_b.jpg	https://www.flickr.com/photos/72396314@N00/340933520
f0108	Potato, baked	by-2.0	OiMax	https://live.staticflickr.com/136/340933520_6a76d5405f_b.jpg	https://www.flickr.com/photos/72396314@N00/340933520
f0109	Quinoa	by-sa-3.0	User:Niedereschbach	https://upload.wikimedia.org/wikipedia/commons/8/8b/Quinoa-cornflakes.jpg	https://commons.wikimedia.org/w/index.php?curid=24317412
f0110	Rye bread	by-sa-3.0	Glane23	https://upload.wikimedia.org/wikipedia/commons/3/3f/Dark_rye_bread.JPG	https://commons.wikimedia.org/w/index.php?curid=4686074
f0111	Sourdough bread	by-2.0	victoriachan	https://live.staticflickr.com/6015/5941344510_55acf2f388_b.jpg	https://www.flickr.com/photos/50646140@N00/5941344510
f0112	Sweet potato	by-2.0	evoo73	https://live.staticflickr.com/6159/6142345333_47b1ec88fa_b.jpg	https://www.flickr.com/photos/21761329@N03/6142345333
f0113	Wheat flour	cc0-1.0	congerdesign	https://upload.wikimedia.org/wikipedia/commons/9/9a/Wheat_flour_01.jpg	https://commons.wikimedia.org/w/index.php?curid=70950081
f0114	White bread	by-2.0	Evan Swigart from Chicago, USA	https://upload.wikimedia.org/wikipedia/commons/b/b0/Homemade_White_Bread_with_Strawberry_Jam.jpg	https://commons.wikimedia.org/w/index.php?curid=11626953
f0115	White rice	by-sa-4.0	Peachyeung316	https://upload.wikimedia.org/wikipedia/commons/3/3b/White_rice_at_home.jpg	https://commons.wikimedia.org/w/index.php?curid=95408880
f0116	Whole wheat bread	by-sa-2.0	Veganbaking.net	https://upload.wikimedia.org/wikipedia/commons/4/46/Vegan_no-knead_whole_wheat_bread_loaf%2C_September_2010.jpg	https://commons.wikimedia.org/w/index.php?curid=20031188
f0117	Whole wheat pasta	by-sa-2.0	raincrystal	https://live.staticflickr.com/2247/2109174355_ff745d43d5_b.jpg	https://www.flickr.com/photos/79491776@N00/2109174355
f0118	Artichoke	by-2.0	Muffet	https://live.staticflickr.com/3010/5864606460_51f1637f2b_b.jpg	https://www.flickr.com/photos/53133240@N00/5864606460
f0119	Arugula	by-2.0	dollen	https://live.staticflickr.com/8353/8342455245_050694585c.jpg	https://www.flickr.com/photos/39804614253@N01/8342455245
f0120	Asparagus	by-sa-2.0	Benson Kua	https://live.staticflickr.com/3084/2552865406_0f2739a78b_b.jpg	https://www.flickr.com/photos/91545223@N00/2552865406
f0121	Beetroot	by-2.0	Nick Saltmarsh	https://live.staticflickr.com/2536/4108315483_97bd918a15_b.jpg	https://www.flickr.com/photos/7554150@N05/4108315483
f0122	Bell pepper	by-2.0	cobblucas	https://live.staticflickr.com/4114/4783962793_3faa4051c3_b.jpg	https://www.flickr.com/photos/25962164@N04/4783962793
f0123	Bok choy	by-sa-3.0	JS and new VpuipV	https://upload.wikimedia.org/wikipedia/commons/5/58/Bok_Choy.JPG	https://commons.wikimedia.org/w/index.php?curid=10690521
f0124	Broccoli	by-sa-4.0	Ivar Leidus	https://upload.wikimedia.org/wikipedia/commons/5/5e/Romanesco_broccoli_%28Brassica_oleracea%29.jpg	https://commons.wikimedia.org/w/index.php?curid=100133434
f0125	Brussels sprouts	by-2.5	Eric Hunt	https://upload.wikimedia.org/wikipedia/commons/2/23/Brussels_sprout_closeup.jpg	https://commons.wikimedia.org/w/index.php?curid=1318818
f0126	Butternut squash	by-sa-2.0	levork	https://live.staticflickr.com/2674/3763970917_5134c9bcda_b.jpg	https://www.flickr.com/photos/86805026@N00/3763970917
f0127	Cabbage	by-2.0	Muffet	https://live.staticflickr.com/8049/8076990249_12f30723b0_b.jpg	https://www.flickr.com/photos/53133240@N00/8076990249
f0128	Carrot	by-2.0	Nisha A	https://live.staticflickr.com/3034/2336528175_4087c9a948.jpg	https://www.flickr.com/photos/87718306@N00/2336528175
f0129	Cauliflower	by-2.0	Muffet	https://live.staticflickr.com/8467/8130880534_c4e72da609_b.jpg	https://www.flickr.com/photos/53133240@N00/8130880534
f0130	Celery	by-sa-2.5	Michelle Reaves	https://upload.wikimedia.org/wikipedia/commons/0/07/Cucumber_celery_apple_juice.jpg	https://commons.wikimedia.org/w/index.php?curid=16398133
f0131	Chili pepper	by-sa-4.0	Basile Morin	https://upload.wikimedia.org/wikipedia/commons/0/04/Red_chili_peppers_drying_on_a_footbridge.jpg	https://commons.wikimedia.org/w/index.php?curid=64577042
f0132	Collard greens	by-2.0	Key West Wedding Photography	https://live.staticflickr.com/629/31857830564_fc6ee5bb17_b.jpg	https://www.flickr.com/photos/58003213@N00/31857830564
f0133	Cucumber	by-2.0	Mike Licht, NotionsCapital.com	https://live.staticflickr.com/7293/8732274633_9e319d0c0b_b.jpg	https://www.flickr.com/photos/9106303@N05/8732274633
f0134	Eggplant	by-sa-2.0	AsianLifestyleDesign	https://live.staticflickr.com/7035/6769358683_f679b8bef1_b.jpg	https://www.flickr.com/photos/47696637@N03/6769358683
f0135	Garlic	by-2.0	photofarmer	https://live.staticflickr.com/8158/7419599518_6f66bac5c4_b.jpg	https://www.flickr.com/photos/62528187@N00/7419599518
f0136	Green beans	by-2.0	JeepersMedia	https://live.staticflickr.com/3921/15134304555_ec73f5bd82_b.jpg	https://www.flickr.com/photos/39160147@N03/15134304555
f0137	Green peas	by-2.5	No machine-readable author provided. Dunemaire assumed (based on copyright claims).	https://upload.wikimedia.org/wikipedia/commons/a/a7/Green_peas.jpg	https://commons.wikimedia.org/w/index.php?curid=501882
f0138	Iceberg lettuce	by-1.0	en:User:Geographer	https://upload.wikimedia.org/wikipedia/commons/d/da/Iceberg_lettuce_in_SB.jpg	https://commons.wikimedia.org/w/index.php?curid=2344199
f0139	Kale	by-2.0	Ruth and Dave	https://live.staticflickr.com/8329/8148834278_2d97a00ec2_b.jpg	https://www.flickr.com/photos/95142644@N00/8148834278
f0140	Leek	by-2.0	Muffet	https://live.staticflickr.com/104/293717280_8afbf5b915_b.jpg	https://www.flickr.com/photos/53133240@N00/293717280
f0141	Mushroom	by-sa-2.0	grungepunk2010	https://live.staticflickr.com/3359/5801866483_c948cdf861_b.jpg	https://www.flickr.com/photos/47340307@N05/5801866483
f0142	Okra	by-sa-3.0	Delince.J	https://upload.wikimedia.org/wikipedia/commons/4/4a/Okra%28Abelmoschus_esculentus%29.JPG	https://commons.wikimedia.org/w/index.php?curid=18337373
f0143	Onion	by-2.0	feesta	https://live.staticflickr.com/3247/2700575201_79184384a5_b.jpg	https://www.flickr.com/photos/45527691@N00/2700575201
f0144	Parsnip	by-sa-2.0	Rubber Dragon	https://live.staticflickr.com/7204/6943637749_c990a80128.jpg	https://www.flickr.com/photos/65219016@N04/6943637749
f0145	Portobello mushroom	by-sa-3.0	unknown	https://upload.wikimedia.org/wikipedia/commons/3/3e/Portobello_mushrooms.jpg	https://commons.wikimedia.org/w/index.php?curid=285895
f0146	Pumpkin	by-2.0	Muffet	https://live.staticflickr.com/8455/7986311191_53cfbe68a7_b.jpg	https://www.flickr.com/photos/53133240@N00/7986311191
f0147	Radish	by-2.0	Muffet	https://live.staticflickr.com/7277/7553779764_820730c62b_b.jpg	https://www.flickr.com/photos/53133240@N00/7553779764
f0148	Romaine lettuce	by-sa-3.0	Liam Kaplan	https://upload.wikimedia.org/wikipedia/commons/2/2f/Romaine_Lettuce_Heart_Cross_Section.jpg	https://commons.wikimedia.org/w/index.php?curid=15415556
f0149	Sauerkraut	by-sa-3.0	Claus Ableiter	https://upload.wikimedia.org/wikipedia/commons/f/f8/Saumagen_mit_Sauerkraut.JPG	https://commons.wikimedia.org/w/index.php?curid=4103862
f0150	Seaweed	by-sa-2.0	Jean-Marie Hullot on flickr and Jmhullot on commons; Papa Lima Whiskey Original upload and image description written by User:Snowmanradio.	https://upload.wikimedia.org/wikipedia/commons/b/b5/Seaweed_farming_-Nusa_Lembongan%2C_Bali-16Aug2009_edit.jpg	https://commons.wikimedia.org/w/index.php?curid=10184694
f0151	Spinach	by-2.0	DeSegura89	https://live.staticflickr.com/8103/8484163552_8d6ae7192a_b.jpg	https://www.flickr.com/photos/77568040@N08/8484163552
f0152	Sweet corn	by-2.0	johndegree	https://live.staticflickr.com/4152/5071713816_335505f21f.jpg	https://www.flickr.com/photos/35476175@N06/5071713816
f0153	Swiss chard	by-2.0	LollyKnit	https://live.staticflickr.com/227/469170709_034f9c67e5.jpg	https://www.flickr.com/photos/96466040@N00/469170709
f0154	Tomato	by-2.0	VV Nincic	https://live.staticflickr.com/1652/24453432035_07a64523db_b.jpg	https://www.flickr.com/photos/133904091@N04/24453432035
f0155	Tomato, cooked	by-2.0	VV Nincic	https://live.staticflickr.com/1652/24453432035_07a64523db_b.jpg	https://www.flickr.com/photos/133904091@N04/24453432035
f0156	Turnip	by-2.0	thebittenword.com	https://upload.wikimedia.org/wikipedia/commons/d/d3/Turnip_2622027.jpg	https://commons.wikimedia.org/w/index.php?curid=7462757
f0157	Watercress	by-sa-2.0	Phoebe Lim	https://live.staticflickr.com/3023/3464445113_c094054ca9.jpg	https://www.flickr.com/photos/71837271@N00/3464445113
f0158	Zucchini	by-2.0	pixie4892	https://live.staticflickr.com/8893/17140595789_38c4cbcc2c_b.jpg	https://www.flickr.com/photos/131141286@N06/17140595789
f0159	Apple	by-2.0	RoniLoren	https://live.staticflickr.com/7106/7450488354_85eb8c6e0f_b.jpg	https://www.flickr.com/photos/42077366@N07/7450488354
f0160	Apricot	by-2.0	Royalty-free image collection	https://live.staticflickr.com/44/139138904_8ad48f9b8e_b.jpg	https://www.flickr.com/photos/78458997@N00/139138904
f0161	Banana	by-2.0	viZZZual.com	https://live.staticflickr.com/2028/2258149132_7cdeabce73.jpg	https://www.flickr.com/photos/22394551@N03/2258149132
f0162	Blackberry	by-sa-3.0	Fir0002	https://upload.wikimedia.org/wikipedia/commons/b/b5/Blackberry_fruits.jpg	https://commons.wikimedia.org/w/index.php?curid=121082
f0163	Blueberry	by-2.0	Muffet	https://live.staticflickr.com/1372/4730432587_3a1d1f4302_b.jpg	https://www.flickr.com/photos/53133240@N00/4730432587
f0164	Cantaloupe	by-3.0	Atomicbre at English Wikipedia	https://upload.wikimedia.org/wikipedia/commons/e/e7/Cantaloupe_and_canary_melon.jpg	https://commons.wikimedia.org/w/index.php?curid=25336530
f0165	Cherry	by-sa-2.0	Infomastern	https://live.staticflickr.com/2831/9480308292_149cd36337_b.jpg	https://www.flickr.com/photos/55856449@N04/9480308292
f0166	Cranberry	by-2.0	Half Chinese	https://live.staticflickr.com/115/305095614_dd169d1ab0_b.jpg	https://www.flickr.com/photos/42302744@N00/305095614
f0167	Dates	by-sa-2.0	DBduo Photography	https://live.staticflickr.com/1179/990802343_0bb8ea9378.jpg	https://www.flickr.com/photos/61926883@N00/990802343
f0168	Fig	by-3.0	Woodlot	https://upload.wikimedia.org/wikipedia/commons/c/c3/Fig_fruit.jpg	https://commons.wikimedia.org/w/index.php?curid=17850892
f0169	Grapefruit	by-2.0	Zanastardust	https://live.staticflickr.com/163/407428566_9d27328108_b.jpg	https://www.flickr.com/photos/49503201503@N01/407428566
f0170	Grapes	by-2.0	Anders Ljungberg	https://live.staticflickr.com/99/251602869_e4e1be65bf_b.jpg	https://www.flickr.com/photos/45803937@N00/251602869
f0171	Honeydew	by-2.0	JeepersMedia	https://live.staticflickr.com/5558/15134608432_cd49834abb_b.jpg	https://www.flickr.com/photos/39160147@N03/15134608432
f0172	Kiwi	by-2.0	fishbone1	https://live.staticflickr.com/2773/4481647240_390113a49b_b.jpg	https://www.flickr.com/photos/93687832@N00/4481647240
f0173	Lemon	by-2.0	KitAy	https://live.staticflickr.com/2069/2236754824_845c54cab3_b.jpg	https://www.flickr.com/photos/97632390@N00/2236754824
f0174	Lime	by-sa-4.0	小石川人晃	https://upload.wikimedia.org/wikipedia/commons/9/9e/Ripe_lime_fruit.jpg	https://commons.wikimedia.org/w/index.php?curid=123630994
f0175	Mango	by-2.0	Terry Wha	https://live.staticflickr.com/3018/2577934551_e4c0c6664d_b.jpg	https://www.flickr.com/photos/24592131@N00/2577934551
f0176	Nectarine	by-sa-3.0	jjron	https://upload.wikimedia.org/wikipedia/commons/5/5e/Nectarine_Fruit_Development.jpg	https://commons.wikimedia.org/w/index.php?curid=3766525
f0177	Orange	by-sa-2.0	chriscom	https://live.staticflickr.com/181/484275757_91cdc2eb39.jpg	https://www.flickr.com/photos/31192329@N00/484275757
f0178	Papaya	by-sa-3.0	Sakurai Midori	https://upload.wikimedia.org/wikipedia/commons/3/3a/California_Papaya_ID.jpg	https://commons.wikimedia.org/w/index.php?curid=706534
f0179	Peach	by-2.0	Bludgeoner86	https://live.staticflickr.com/2454/3662003570_d214b179c9_b.jpg	https://www.flickr.com/photos/48718829@N00/3662003570
f0180	Pear	by-2.0	S Baker	https://live.staticflickr.com/83/272685080_71927b9c80_b.jpg	https://www.flickr.com/photos/57373363@N00/272685080
f0181	Pineapple	by-2.0	derek7272	https://live.staticflickr.com/1008/1420343003_13eeb0f9f3.jpg	https://www.flickr.com/photos/18909356@N00/1420343003
f0182	Plum	by-sa-2.0	Jonathan Billinger	https://upload.wikimedia.org/wikipedia/commons/8/8f/Damson_plum_fruit.jpg	https://commons.wikimedia.org/w/index.php?curid=24415223
f0183	Pomegranate	by-sa-2.0	Anton Photos	https://live.staticflickr.com/7157/6782974205_8cf3fb496a_b.jpg	https://www.flickr.com/photos/32066472@N03/6782974205
f0184	Raisins	by-2.0	Jenn Durfey	https://live.staticflickr.com/4111/5187413991_a5a231f2f5.jpg	https://www.flickr.com/photos/52498245@N03/5187413991
f0185	Raspberry	by-sa-4.0	Almostway2004	https://upload.wikimedia.org/wikipedia/commons/c/c4/Raspberry_fruits_2.jpg	https://commons.wikimedia.org/w/index.php?curid=150938074
f0186	Strawberry	by-sa-2.0	Kamil Porembiński	https://live.staticflickr.com/8119/8753176643_8141122706_b.jpg	https://www.flickr.com/photos/22178197@N00/8753176643
f0187	Watermelon	by-2.0	nutrilover	https://live.staticflickr.com/2600/3799968960_66351909be_b.jpg	https://www.flickr.com/photos/40994455@N06/3799968960
f0188	Almond butter	by-sa-2.0	stu_spivack	https://live.staticflickr.com/203/514783117_2e4be86d8d_b.jpg	https://www.flickr.com/photos/35034346243@N01/514783117
f0189	Almonds	by-2.0	HealthAliciousNess	https://live.staticflickr.com/5102/5605239684_ee76ba7f79_b.jpg	https://www.flickr.com/photos/60879087@N02/5605239684
f0190	Avocado	by-sa-2.0	cyclonebill	https://live.staticflickr.com/2159/2421130088_1a003d20f2_b.jpg	https://www.flickr.com/photos/23178876@N03/2421130088
f0191	Brazil nuts	by-sa-4.0	Lior Golgher	https://upload.wikimedia.org/wikipedia/commons/3/3b/Brazil_nut_DSC05477.JPG	https://commons.wikimedia.org/w/index.php?curid=3231673
f0192	Butter	by-2.0	grongar	https://live.staticflickr.com/4042/4280002347_772dff9fdc_b.jpg	https://www.flickr.com/photos/70757891@N00/4280002347
f0193	Canola oil	by-sa-2.0	Veganbaking.net from USA	https://upload.wikimedia.org/wikipedia/commons/e/ed/Canola_Oil_%284107885913%29.jpg	https://commons.wikimedia.org/w/index.php?curid=35717062
f0194	Cashews	by-2.0	Razor512	https://live.staticflickr.com/2584/4208655591_4d72abdef7_b.jpg	https://www.flickr.com/photos/13144581@N00/4208655591
f0195	Chia seeds	by-2.0	Sean MacEntee	https://live.staticflickr.com/599/20475541018_5974be14cb_b.jpg	https://www.flickr.com/photos/18090920@N07/20475541018
f0196	Coconut meat	by-4.0	Vyacheslav Argenberg	https://upload.wikimedia.org/wikipedia/commons/1/1b/Coconut_meat%2C_Andamans.jpg	https://commons.wikimedia.org/w/index.php?curid=102151331
f0197	Coconut oil	by-sa-2.0	Veganbaking.net	https://live.staticflickr.com/2756/4404443713_af1af58731_b.jpg	https://www.flickr.com/photos/31104779@N02/4404443713
f0198	Flaxseed	by-2.0	La.Catholique	https://live.staticflickr.com/2496/4052357710_d75f740aa0_b.jpg	https://www.flickr.com/photos/38559542@N02/4052357710
f0199	Hazelnuts	by-sa-4.0	Ivar Leidus	https://upload.wikimedia.org/wikipedia/commons/3/31/Hazelnuts_%28Corylus_avellana%29.jpg	https://commons.wikimedia.org/w/index.php?curid=98710145
f0200	Macadamia	by-sa-3.0	Tauʻolunga	https://upload.wikimedia.org/wikipedia/commons/0/02/Macadamia_integrifolia%2C_buds.jpg	https://commons.wikimedia.org/w/index.php?curid=3036945
f0201	Mayonnaise	by-2.0	jules	https://upload.wikimedia.org/wikipedia/commons/6/60/Mayonnaise_%281%29.jpg	https://commons.wikimedia.org/w/index.php?curid=35344899
f0202	Olive oil	by-2.0	DeSegura89	https://live.staticflickr.com/8508/8483070413_5212d4822d_b.jpg	https://www.flickr.com/photos/77568040@N08/8483070413
f0203	Olives	by-2.0	CeresB	https://live.staticflickr.com/5148/5622055101_bd649fe9e1_b.jpg	https://www.flickr.com/photos/37054091@N06/5622055101
f0204	Peanut butter	by-sa-2.0	Vegansoldier	https://live.staticflickr.com/8258/8628579983_17428fb268_b.jpg	https://www.flickr.com/photos/24283435@N08/8628579983
f0205	Peanut oil	by-sa-2.0	Adam Engelhart	https://upload.wikimedia.org/wikipedia/commons/1/16/Peanut_oil_bottle.jpg	https://commons.wikimedia.org/w/index.php?curid=1659946
f0206	Peanuts	by-2.0	DeSegura89	https://live.staticflickr.com/8108/8483070167_1a90af12df_b.jpg	https://www.flickr.com/photos/77568040@N08/8483070167
f0207	Pecans	by-2.0	moonlightbulb	https://live.staticflickr.com/8479/8218716947_acaa7911bd_b.jpg	https://www.flickr.com/photos/24532534@N02/8218716947
f0208	Pistachios	by-2.0	Theo Crazzolara	https://live.staticflickr.com/4771/39799740255_c3280c5a57_b.jpg	https://www.flickr.com/photos/141324643@N05/39799740255
f0209	Pumpkin seeds	by-sa-4.0	Salil Kumar Mukherjee	https://upload.wikimedia.org/wikipedia/commons/1/14/Pumpkin_Seeds_%28matured%29.jpg	https://commons.wikimedia.org/w/index.php?curid=103942777
f0210	Sesame oil	by-sa-3.0	Mariko GODA	https://upload.wikimedia.org/wikipedia/commons/0/0a/Sesame_oil.jpg	https://commons.wikimedia.org/w/index.php?curid=2252388
f0211	Sesame seeds	by-sa-2.0	Simoubuntu	https://live.staticflickr.com/5229/5777262943_f63b92aab5_b.jpg	https://www.flickr.com/photos/54094993@N06/5777262943
f0212	Sunflower oil	by-sa-4.0	Tiia Monto	https://upload.wikimedia.org/wikipedia/commons/6/60/Sunflower_oil.jpg	https://commons.wikimedia.org/w/index.php?curid=65494670
f0213	Sunflower seeds	by-2.5	McLeod	https://upload.wikimedia.org/wikipedia/commons/d/d5/Sunflower_seeds.JPG	https://commons.wikimedia.org/w/index.php?curid=563481
f0214	Tahini	cc0-1.0	Miansari66	https://upload.wikimedia.org/wikipedia/commons/5/50/Tahini_with_oil.JPG	https://commons.wikimedia.org/w/index.php?curid=14918694
f0215	Walnuts	by-2.0	_-0-_	https://live.staticflickr.com/8047/8087725239_55e58bbf20_b.jpg	https://www.flickr.com/photos/85759247@N04/8087725239
f0216	Almond milk	by-2.0	Amazing Almonds	https://upload.wikimedia.org/wikipedia/commons/d/de/Home-made_almond_milk%2C_November_2012.jpg	https://commons.wikimedia.org/w/index.php?curid=42251536
f0217	Apple juice	by-sa-3.0	Flunse (Patrick Geltinger)	https://upload.wikimedia.org/wikipedia/commons/2/23/Apple_juice_with_3apples.jpg	https://commons.wikimedia.org/w/index.php?curid=404343
f0218	Beer	by-sa-2.0	[puamelia]	https://live.staticflickr.com/3171/2766738859_f1071cb128_b.jpg	https://www.flickr.com/photos/26226522@N08/2766738859
f0219	Black tea	by-2.0	patrick george from cochin, india	https://upload.wikimedia.org/wikipedia/commons/7/76/Black_tea.jpg	https://commons.wikimedia.org/w/index.php?curid=4263035
f0220	Coconut water	by-2.0	Rob.Bertholf	https://live.staticflickr.com/3799/14262664264_790c121109_b.jpg	https://www.flickr.com/photos/35297772@N00/14262664264
f0221	Coffee	by-sa-2.0	sk8geek	https://live.staticflickr.com/7246/7760020848_fdd11c7cd2_b.jpg	https://www.flickr.com/photos/26170836@N05/7760020848
f0222	Cola	by-2.0	DeusXFlorida (11,059,330 views) - thanks guys!	https://live.staticflickr.com/3270/3029152878_43dec1fbf4_b.jpg	https://www.flickr.com/photos/8363028@N08/3029152878
f0223	Green tea	by-2.0	Marntzu cook	https://live.staticflickr.com/8481/8189271371_56fe4d7aa7_b.jpg	https://www.flickr.com/photos/69701588@N05/8189271371
f0224	Orange juice	by-2.0	Mervi Emilia	https://live.staticflickr.com/5014/5563590861_95d3b563d7_b.jpg	https://www.flickr.com/photos/14394039@N00/5563590861
f0225	Red wine	by-sa-2.0	matsuyuki	https://live.staticflickr.com/7482/16016514528_d432757489_b.jpg	https://www.flickr.com/photos/12173213@N00/16016514528
f0226	Soy milk	by-sa-3.0	LinasD	https://upload.wikimedia.org/wikipedia/commons/5/5f/Soy_milk.jpg	https://commons.wikimedia.org/w/index.php?curid=10505179
f0227	Honey	by-2.0	Siona Karen	https://live.staticflickr.com/2674/3870732249_e9150e053f_b.jpg	https://www.flickr.com/photos/26149290@N02/3870732249
f0228	Jam	by-2.0	JD Hancock	https://live.staticflickr.com/2637/3704293588_6b6a52cd78_b.jpg	https://www.flickr.com/photos/83346641@N00/3704293588
f0229	Tomato sauce	by-2.0	mjhoy	https://live.staticflickr.com/3163/3039499398_1a65050f50.jpg	https://www.flickr.com/photos/15306388@N00/3039499398
f0230	Soy sauce	by-sa-2.0	국립국어원	https://upload.wikimedia.org/wikipedia/commons/6/63/Soy_sauce_2.jpg	https://commons.wikimedia.org/w/index.php?curid=61544149
f0231	Dark chocolate	by-sa-3.0	Simon A. Eugster	https://upload.wikimedia.org/wikipedia/commons/b/b7/Dark_chocolate_bar.jpg	https://commons.wikimedia.org/w/index.php?curid=44091839
f0232	Chorizo	by-sa-2.0	Craig Anderson	https://live.staticflickr.com/1347/3166048564_34ff27fa60_b.jpg	https://www.flickr.com/photos/24236874@N00/3166048564
f0233	Salsa	by-2.0	be creator	https://live.staticflickr.com/5578/14728124229_a2385c1490_b.jpg	https://www.flickr.com/photos/119678691@N02/14728124229
f0234	Miso	by-2.0	WILLPOWER STUDIOS	https://live.staticflickr.com/3831/10090670974_5aab425610_b.jpg	https://www.flickr.com/photos/99717632@N00/10090670974
f0235	Rice noodles	by-2.0	jeffreyw	https://live.staticflickr.com/4050/4681330292_c26ef730bb_b.jpg	https://www.flickr.com/photos/7927684@N03/4681330292
f0236	Italian sausage	by-sa-3.0	BillyTFried at English Wikipedia	https://upload.wikimedia.org/wikipedia/commons/a/ac/Italian_Sausage_Sandwich.jpg	https://commons.wikimedia.org/w/index.php?curid=25375803
f0237	Canned tomatoes	by-2.0	benketaro	https://live.staticflickr.com/2363/1579500807_8362e0c924_b.jpg	https://www.flickr.com/photos/56525796@N00/1579500807
f0238	Strawberry banana smoothie	by-sa-2.0	inazakira	https://live.staticflickr.com/4124/5019567018_407b307eb3_b.jpg	https://www.flickr.com/photos/47573122@N05/5019567018
f0239	Chocolate milkshake	by-sa-2.0	mynameisharsha	https://live.staticflickr.com/3108/2900135851_85fccd80e3_b.jpg	https://www.flickr.com/photos/27526538@N07/2900135851
f0240	Vanilla milkshake	by-sa-2.0	theimpulsivebuy	https://upload.wikimedia.org/wikipedia/commons/d/d5/Vanilla_Milkshake_Whoppers_3_%2831011741846%29.jpg	https://commons.wikimedia.org/w/index.php?curid=150170170
f0241	Root beer	by-2.0	Serge Melki	https://live.staticflickr.com/3141/3073572730_a87dcd9813_b.jpg	https://www.flickr.com/photos/67958110@N00/3073572730
f0242	Lemon-lime soda	by-sa-4.0	Corn cheese	https://upload.wikimedia.org/wikipedia/commons/8/88/Lemon_lime_soda.jpg	https://commons.wikimedia.org/w/index.php?curid=135503530
f0243	Ginger ale	by-sa-2.0	Hisakazu Watanabe	https://upload.wikimedia.org/wikipedia/commons/0/09/Ginger_ale.jpg	https://commons.wikimedia.org/w/index.php?curid=2216580
f0244	Banana bread	by-sa-2.0	sajia.hall	https://live.staticflickr.com/5274/5829331705_79e9c8debb_b.jpg	https://www.flickr.com/photos/62567633@N03/5829331705
f0245	Croissant	pdm-1.0	Blarvar	https://live.staticflickr.com/1351/4599562280_b3f9221600_b.jpg	https://www.flickr.com/photos/46583370@N04/4599562280
f0246	Cinnamon roll	by-2.0	Helen.Yang	https://live.staticflickr.com/7327/9695647001_f624a4fcf5.jpg	https://www.flickr.com/photos/61310814@N05/9695647001
f0247	Danish pastry	by-sa-3.0	RhinoMind	https://upload.wikimedia.org/wikipedia/commons/8/89/Danish_pastry.JPG	https://commons.wikimedia.org/w/index.php?curid=31927056
f0248	Glazed doughnut	cc0-1.0	Unknown author	https://upload.wikimedia.org/wikipedia/commons/a/ad/Glazed_doughnut_%28773405%29.jpg	https://commons.wikimedia.org/w/index.php?curid=89082466
f0249	Chocolate chip cookie	by-2.0	Darwin Bell	https://live.staticflickr.com/114/300802568_435bb5f23b_b.jpg	https://www.flickr.com/photos/53611153@N00/300802568
f0250	Brownie	by-sa-2.0	stu_spivack	https://live.staticflickr.com/6063/6161708132_1aea732929_b.jpg	https://www.flickr.com/photos/35034346243@N01/6161708132
f0251	Vanilla ice cream	cc0-1.0	W.carter	https://upload.wikimedia.org/wikipedia/commons/a/a6/Apple_cake_with_vanilla_ice_cream_2.jpg	https://commons.wikimedia.org/w/index.php?curid=88494704
f0252	Potato chips	by-2.0	jamesonf	https://live.staticflickr.com/8173/8072759581_aff6b3502e_b.jpg	https://www.flickr.com/photos/24314126@N05/8072759581
f0253	Onion rings	by-2.0	Thank You (23 Millions+) views	https://live.staticflickr.com/65535/52085272520_1aea02a54e_b.jpg	https://www.flickr.com/photos/34128007@N04/52085272520
f0254	Cheese pizza	by-2.0	Happy Tummy	https://live.staticflickr.com/3063/3024535869_9b448423e5_b.jpg	https://www.flickr.com/photos/29198474@N05/3024535869
f0255	Hamburger	by-2.0	Tim Reckmann | a59.de	https://live.staticflickr.com/3767/12164386105_9a70d5244d_b.jpg	https://www.flickr.com/photos/115225894@N07/12164386105
f0256	Cheeseburger	by-2.0	TheCulinaryGeek	https://live.staticflickr.com/4006/5076897498_d005dd52c2_b.jpg	https://www.flickr.com/photos/72949902@N00/5076897498
f0257	Hot dog	by-2.0	JeepersMedia	https://live.staticflickr.com/7425/12956484613_9698abe981_b.jpg	https://www.flickr.com/photos/39160147@N03/12956484613
